bpm_gt,bpm_pred,failure_reason,mean_outlier_frac,mean_pr,mean_snr,mean_stability,median_n_valid_tones,method,n_windows,rel_err_pct,scenario,segment,valid_window_rate,variable
8.675,10.693708550046335,,0.0,1.3055761456771378,7.950541695233038,0.36841115605358804,72.0,best_tone,15,24.169499591041166,cs_091339,1a,1.0,local_amplitudes
8.675,9.772613775699805,,0.0,1.3055761456771378,6.005474174497692,0.36841115605358804,72.0,equal_average,15,16.576052086388582,cs_091339,1a,1.0,local_amplitudes
8.675,11.172251753699863,,0.0,1.3055761456771378,3.3738727684821126,0.36841115605358804,72.0,liu_weighted_median,15,28.78676373141051,cs_091339,1a,1.0,local_amplitudes
8.675,9.782820388708693,,0.0,1.3055761456771378,6.340757680374472,0.36841115605358804,72.0,quality_mrc,15,16.09368927499677,cs_091339,1a,1.0,local_amplitudes
8.675,9.457215805449785,,0.0,1.3055761456771378,6.357304295612999,0.36841115605358804,72.0,snr_mrc,15,12.59896672314489,cs_091339,1a,1.0,local_amplitudes
8.675,10.733070727905549,,0.05648148148148148,1.5139245217069859,9.203663016707525,0.4108550333860527,72.0,best_tone,15,23.79310813442539,cs_091339,1a,1.0,phases
8.675,8.438548991822937,,0.05648148148148148,1.5139245217069859,7.735809508708183,0.4108550333860527,72.0,equal_average,15,24.021332747529705,cs_091339,1a,1.0,phases
8.675,9.83731687871548,,0.05648148148148148,1.5139245217069859,3.9536796786063864,0.4108550333860527,72.0,liu_weighted_median,15,13.39846546069719,cs_091339,1a,1.0,phases
8.675,8.62600563983648,,0.05648148148148148,1.5139245217069859,7.170561888772998,0.4108550333860527,72.0,quality_mrc,15,21.876287484927943,cs_091339,1a,1.0,phases
8.675,9.027411455243897,,0.05648148148148148,1.5139245217069859,9.953811140327595,0.4108550333860527,72.0,snr_mrc,15,18.249894575992425,cs_091339,1a,1.0,phases
8.675,10.741398533244336,,0.0027777777777777775,1.872531897483562,7.617886653193037,0.44135933359059965,72.0,best_tone,15,23.820156002816546,cs_091339,1a,1.0,remote_amplitudes
8.675,12.00105686674342,,0.0027777777777777775,1.872531897483562,5.170826953022047,0.44135933359059965,72.0,equal_average,15,38.34071316130742,cs_091339,1a,1.0,remote_amplitudes
8.675,11.16672286356289,,0.0027777777777777775,1.872531897483562,3.957963380220666,0.44135933359059965,72.0,liu_weighted_median,15,28.723030127526126,cs_091339,1a,1.0,remote_amplitudes
8.675,11.954335033923837,,0.0027777777777777775,1.872531897483562,5.316826947429845,0.44135933359059965,72.0,quality_mrc,15,37.802132955894336,cs_091339,1a,1.0,remote_amplitudes
8.675,11.96211443733785,,0.0027777777777777775,1.872531897483562,5.956420484086787,0.44135933359059965,72.0,snr_mrc,15,37.89180907594061,cs_091339,1a,1.0,remote_amplitudes
8.674999999999999,14.048096548921247,,0.12301587301587302,1.767550584181442,6.9970818937964765,0.4317495372543127,72.0,best_tone,14,61.93771237949561,cs_091339,1b,1.0,local_amplitudes
8.674999999999999,8.564305803065666,,0.12301587301587302,1.767550584181442,4.8440139755556855,0.4317495372543127,72.0,equal_average,14,13.677947053416366,cs_091339,1b,1.0,local_amplitudes
8.674999999999999,15.42314516758132,,0.12301587301587302,1.767550584181442,4.045917015648662,0.4317495372543127,72.0,liu_weighted_median,14,77.78841691736388,cs_091339,1b,1.0,local_amplitudes
8.674999999999999,8.569964157566494,,0.12301587301587302,1.767550584181442,3.95112793129908,0.4317495372543127,72.0,quality_mrc,14,13.418787604459604,cs_091339,1b,1.0,local_amplitudes
8.674999999999999,9.981558516163899,,0.12301587301587302,1.767550584181442,3.1299588015138275,0.4317495372543127,72.0,snr_mrc,14,23.86474425505698,cs_091339,1b,1.0,local_amplitudes
8.674999999999999,9.247559153897308,,0.002976190476190476,1.3847147877030481,7.30686346517124,0.3924381912646776,72.0,best_tone,14,10.61518156662895,cs_091339,1b,1.0,phases
8.674999999999999,12.84845573384847,,0.002976190476190476,1.3847147877030481,2.5009281601351097,0.3924381912646776,72.0,equal_average,14,48.108999813815196,cs_091339,1b,1.0,phases
8.674999999999999,10.454727506077585,,0.002976190476190476,1.3847147877030481,3.5135214661378624,0.3924381912646776,72.0,liu_weighted_median,14,20.51559084815658,cs_091339,1b,1.0,phases
8.674999999999999,10.921815697942021,,0.002976190476190476,1.3847147877030481,2.43382747304084,0.3924381912646776,72.0,quality_mrc,14,28.50520632255341,cs_091339,1b,1.0,phases
8.674999999999999,9.630689036438284,,0.002976190476190476,1.3847147877030481,3.677851129978856,0.3924381912646776,72.0,snr_mrc,14,17.41693470940196,cs_091339,1b,1.0,phases
8.674999999999999,11.36029484704533,,0.005952380952380953,1.482266651791656,8.594413249315219,0.44460116270682043,72.0,best_tone,14,30.95440745873581,cs_091339,1b,1.0,remote_amplitudes
8.674999999999999,9.218237693328433,,0.005952380952380953,1.482266651791656,6.3404741240811555,0.44460116270682043,72.0,equal_average,14,6.570340682133755,cs_091339,1b,1.0,remote_amplitudes
8.674999999999999,10.420910934529457,,0.005952380952380953,1.482266651791656,3.5142221872695987,0.44460116270682043,72.0,liu_weighted_median,14,20.125774461434652,cs_091339,1b,1.0,remote_amplitudes
8.674999999999999,9.201409901581126,,0.005952380952380953,1.482266651791656,6.127769350350583,0.44460116270682043,72.0,quality_mrc,14,6.636564952912948,cs_091339,1b,1.0,remote_amplitudes
8.674999999999999,9.092905695338233,,0.005952380952380953,1.482266651791656,10.642979285736244,0.44460116270682043,72.0,snr_mrc,14,7.497471820331817,cs_091339,1b,1.0,remote_amplitudes
14.039999999999996,14.207411710099702,,0.0,1.29288776520562,9.074910136044005,0.39428962828244274,72.0,best_tone,13,11.244379128920643,cs_091339,3,1.0,local_amplitudes
14.039999999999996,14.895231407879722,,0.0,1.29288776520562,3.993683418572398,0.39428962828244274,72.0,equal_average,13,27.774301374542397,cs_091339,3,1.0,local_amplitudes
14.039999999999996,13.501846520354567,,0.0,1.29288776520562,3.6961051968514465,0.39428962828244274,72.0,liu_weighted_median,13,9.060453717000373,cs_091339,3,1.0,local_amplitudes
14.039999999999996,14.577665527510309,,0.0,1.29288776520562,4.208115456488768,0.39428962828244274,72.0,quality_mrc,13,24.32502573722311,cs_091339,3,1.0,local_amplitudes
14.039999999999996,14.415093511985855,,0.0,1.29288776520562,5.357581750873053,0.39428962828244274,72.0,snr_mrc,13,21.83212998799075,cs_091339,3,1.0,local_amplitudes
14.039999999999996,13.459650095690538,,0.02884615384615384,1.561753623195116,5.832219761235832,0.4151687131941881,72.0,best_tone,13,15.440477744453903,cs_091339,3,1.0,phases
14.039999999999996,10.793685231716548,,0.02884615384615384,1.561753623195116,2.6739979992921366,0.4151687131941881,72.0,equal_average,13,23.121900058998943,cs_091339,3,1.0,phases
14.039999999999996,12.210475430247167,,0.02884615384615384,1.561753623195116,3.3076614910539863,0.4151687131941881,72.0,liu_weighted_median,13,13.453743034482006,cs_091339,3,1.0,phases
14.039999999999996,9.769129007953254,,0.02884615384615384,1.561753623195116,2.9233383722997752,0.4151687131941881,72.0,quality_mrc,13,30.419309060162,cs_091339,3,1.0,phases
14.039999999999996,10.95103015108244,,0.02884615384615384,1.561753623195116,3.079135291560163,0.4151687131941881,72.0,snr_mrc,13,22.001209750125064,cs_091339,3,1.0,phases
14.039999999999996,14.424853143270118,,0.022435897435897436,2.1733493354288385,7.4742707493335825,0.45414064900021484,72.0,best_tone,13,5.174701446512101,cs_091339,3,1.0,remote_amplitudes
14.039999999999996,14.056661926342855,,0.022435897435897436,2.1733493354288385,7.161544555286012,0.45414064900021484,72.0,equal_average,13,4.531256278782596,cs_091339,3,1.0,remote_amplitudes
14.039999999999996,13.830712729799489,,0.022435897435897436,2.1733493354288385,4.634798644421768,0.45414064900021484,72.0,liu_weighted_median,13,3.3499549404293223,cs_091339,3,1.0,remote_amplitudes
14.039999999999996,14.022405978523352,,0.022435897435897436,2.1733493354288385,7.149278038995741,0.45414064900021484,72.0,quality_mrc,13,4.257820154263463,cs_091339,3,1.0,remote_amplitudes
14.039999999999996,14.01674745538755,,0.022435897435897436,2.1733493354288385,7.325144484467738,0.45414064900021484,72.0,snr_mrc,13,4.264859115135113,cs_091339,3,1.0,remote_amplitudes
8.675000000000002,11.24771876395498,,0.06893004115226338,4.8972957196894065,10.18829946095216,0.4823082987088529,72.0,best_tone,27,29.656700449048753,cs_095806,1a,1.0,local_amplitudes
8.675000000000002,10.703652542388811,,0.06893004115226338,4.8972957196894065,8.995643967807533,0.4823082987088529,72.0,equal_average,27,23.38504371629752,cs_095806,1a,1.0,local_amplitudes
8.675000000000002,9.95937861245575,,0.06893004115226338,4.8972957196894065,12.009389632250704,0.4823082987088529,72.0,liu_weighted_median,27,14.805517146463975,cs_095806,1a,1.0,local_amplitudes
8.675000000000002,10.677040230883037,,0.06893004115226338,4.8972957196894065,8.946142104343599,0.4823082987088529,72.0,quality_mrc,27,23.07827355484765,cs_095806,1a,1.0,local_amplitudes
8.675000000000002,9.75068142333408,,0.06893004115226338,4.8972957196894065,19.455259989467365,0.4823082987088529,72.0,snr_mrc,27,14.17364184799743,cs_095806,1a,1.0,local_amplitudes
8.675000000000002,9.022291673531386,,0.0751028806584362,3.70967268818055,37.40832673485688,0.49750927892682845,72.0,best_tone,27,4.017831111865452,cs_095806,1a,1.0,phases
8.675000000000002,8.983334628321202,,0.0751028806584362,3.70967268818055,16.152470432064995,0.49750927892682845,72.0,equal_average,27,6.938457746386511,cs_095806,1a,1.0,phases
8.675000000000002,9.789019529386835,,0.0751028806584362,3.70967268818055,9.836579521955697,0.49750927892682845,72.0,liu_weighted_median,27,12.84172368169259,cs_095806,1a,1.0,phases
8.675000000000002,8.999615501496598,,0.0751028806584362,3.70967268818055,13.488058208231463,0.49750927892682845,72.0,quality_mrc,27,7.588067340146169,cs_095806,1a,1.0,phases
8.675000000000002,9.081888265393333,,0.0751028806584362,3.70967268818055,37.4040214623675,0.49750927892682845,72.0,snr_mrc,27,5.219119210318339,cs_095806,1a,1.0,phases
8.675000000000002,10.401822902735544,,0.07098765432098765,4.07219091307676,9.397183661218255,0.5092825277749704,72.0,best_tone,27,19.90573951280166,cs_095806,1a,1.0,remote_amplitudes
8.675000000000002,10.674417025271557,,0.07098765432098765,4.07219091307676,8.934891801744733,0.5092825277749704,72.0,equal_average,27,23.04803487344733,cs_095806,1a,1.0,remote_amplitudes
8.675000000000002,10.036249945276117,,0.07098765432098765,4.07219091307676,10.165206316638546,0.5092825277749704,72.0,liu_weighted_median,27,15.691642020473948,cs_095806,1a,1.0,remote_amplitudes
8.675000000000002,10.65068437313664,,0.07098765432098765,4.07219091307676,9.065598371666754,0.5092825277749704,72.0,quality_mrc,27,22.774459632699013,cs_095806,1a,1.0,remote_amplitudes
8.675000000000002,9.876818492929244,,0.07098765432098765,4.07219091307676,15.814200708660211,0.5092825277749704,72.0,snr_mrc,27,16.18160099539497,cs_095806,1a,1.0,remote_amplitudes
8.675000000000002,9.607106455946493,,0.06498015873015874,4.457377646747005,11.471425104460431,0.5030004567288523,72.0,best_tone,28,11.179975470755465,cs_095806,1b,1.0,local_amplitudes
8.675000000000002,8.424483352445296,,0.06498015873015874,4.457377646747005,11.514747397581976,0.5030004567288523,72.0,equal_average,28,9.007661292216092,cs_095806,1b,1.0,local_amplitudes
8.675000000000002,9.104737520378846,,0.06498015873015874,4.457377646747005,15.678860711245061,0.5030004567288523,72.0,liu_weighted_median,28,4.95374663260917,cs_095806,1b,1.0,local_amplitudes
8.675000000000002,8.382005070970909,,0.06498015873015874,4.457377646747005,12.665558903511556,0.5030004567288523,72.0,quality_mrc,28,8.445499722280983,cs_095806,1b,1.0,local_amplitudes
8.675000000000002,8.291650058357016,,0.06498015873015874,4.457377646747005,67.35982901188984,0.5030004567288523,72.0,snr_mrc,28,4.630205154004921,cs_095806,1b,1.0,local_amplitudes
8.675000000000002,8.046859192900307,,0.056547619047619034,3.3648174941632227,44.12437038351442,0.5007701323052014,72.0,best_tone,28,7.240816220169373,cs_095806,1b,1.0,phases
8.675000000000002,8.111353538702575,,0.056547619047619034,3.3648174941632227,21.45915669360071,0.5007701323052014,72.0,equal_average,28,7.946809950269156,cs_095806,1b,1.0,phases
8.675000000000002,9.049692744164023,,0.056547619047619034,3.3648174941632227,13.401671841774094,0.5007701323052014,72.0,liu_weighted_median,28,4.345817799479123,cs_095806,1b,1.0,phases
8.675000000000002,8.167224505322888,,0.056547619047619034,3.3648174941632227,22.556230039169016,0.5007701323052014,72.0,quality_mrc,28,7.543945635904791,cs_095806,1b,1.0,phases
8.675000000000002,8.280476596285588,,0.056547619047619034,3.3648174941632227,64.51030292623702,0.5007701323052014,72.0,snr_mrc,28,4.830145145191088,cs_095806,1b,1.0,phases
8.675000000000002,9.499739922744096,,0.06597222222222222,3.9192282001697265,12.079069107145939,0.5035957356601056,72.0,best_tone,28,10.034513068053682,cs_095806,1b,1.0,remote_amplitudes
8.675000000000002,9.817132239066988,,0.06597222222222222,3.9192282001697265,9.89869740586508,0.5035957356601056,72.0,equal_average,28,13.165789499331227,cs_095806,1b,1.0,remote_amplitudes
8.675000000000002,9.13804998826305,,0.06597222222222222,3.9192282001697265,13.341679644514729,0.5035957356601056,72.0,liu_weighted_median,28,5.36016128119901,cs_095806,1b,1.0,remote_amplitudes
8.675000000000002,8.912019670486368,,0.06597222222222222,3.9192282001697265,10.501169521120955,0.5035957356601056,72.0,quality_mrc,28,11.745488949938652,cs_095806,1b,1.0,remote_amplitudes
8.675000000000002,8.621299041116833,,0.06597222222222222,3.9192282001697265,46.66659195549259,0.5035957356601056,72.0,snr_mrc,28,7.207850453671951,cs_095806,1b,1.0,remote_amplitudes
11.49,13.532398820198287,,0.004629629629629629,3.123521676365914,6.630713296736874,0.6177137573417997,72.0,best_tone,3,17.77544665098594,cs_095806,2a,1.0,local_amplitudes
11.49,13.58345998355067,,0.004629629629629629,3.123521676365914,8.51166162879724,0.6177137573417997,72.0,equal_average,3,18.219843198874415,cs_095806,2a,1.0,local_amplitudes
11.49,13.40944488836071,,0.004629629629629629,3.123521676365914,7.348422808368532,0.6177137573417997,72.0,liu_weighted_median,3,16.705351508796443,cs_095806,2a,1.0,local_amplitudes
11.49,13.478973301604507,,0.004629629629629629,3.123521676365914,9.091160112332847,0.6177137573417997,72.0,quality_mrc,3,17.31047259882078,cs_095806,2a,1.0,local_amplitudes
11.49,13.413980414838585,,0.004629629629629629,3.123521676365914,9.21140571846712,0.6177137573417997,72.0,snr_mrc,3,16.74482519441762,cs_095806,2a,1.0,local_amplitudes
11.49,13.563671251494336,,0.08333333333333333,2.276240067555274,7.539351239119672,0.48228155658910166,72.0,best_tone,3,18.04761750647813,cs_095806,2a,1.0,phases
11.49,12.500799605515672,,0.08333333333333333,2.276240067555274,12.932913012765718,0.48228155658910166,72.0,equal_average,3,8.797211536254748,cs_095806,2a,1.0,phases
11.49,13.048968908183523,,0.08333333333333333,2.276240067555274,5.135369985357848,0.48228155658910166,72.0,liu_weighted_median,3,13.56804967957809,cs_095806,2a,1.0,phases
11.49,12.546682079255987,,0.08333333333333333,2.276240067555274,12.427889717312155,0.48228155658910166,72.0,quality_mrc,3,9.196536808146115,cs_095806,2a,1.0,phases
11.49,12.592589963370619,,0.08333333333333333,2.276240067555274,10.81037948947087,0.48228155658910166,72.0,snr_mrc,3,9.596083232120273,cs_095806,2a,1.0,phases
11.49,13.826171251662254,,0.009259259259259259,2.766835924018204,8.058612710182818,0.5893235014480052,72.0,best_tone,3,20.33221280820064,cs_095806,2a,1.0,remote_amplitudes
11.49,13.8428859387979,,0.009259259259259259,2.766835924018204,8.937830440117347,0.5893235014480052,72.0,equal_average,3,20.47768441077372,cs_095806,2a,1.0,remote_amplitudes
11.49,13.564590785905573,,0.009259259259259259,2.766835924018204,6.667192862926204,0.5893235014480052,72.0,liu_weighted_median,3,18.055620416932737,cs_095806,2a,1.0,remote_amplitudes
11.49,13.750066373388051,,0.009259259259259259,2.766835924018204,8.374491313928365,0.5893235014480052,72.0,quality_mrc,3,19.669855294935168,cs_095806,2a,1.0,remote_amplitudes
11.49,13.777628072150714,,0.009259259259259259,2.766835924018204,8.31317986762208,0.5893235014480052,72.0,snr_mrc,3,19.90973082811762,cs_095806,2a,1.0,remote_amplitudes
14.04,14.920977226162192,,0.0011111111111111111,3.464052292049591,8.429147550867135,0.5939774990934764,72.0,best_tone,25,8.342477410159788,cs_095806,3,1.0,local_amplitudes
14.04,12.899099822211264,,0.0011111111111111111,3.464052292049591,2.6336803390852346,0.5939774990934764,72.0,equal_average,25,20.538941745095197,cs_095806,3,1.0,local_amplitudes
14.04,15.061157850854133,,0.0011111111111111111,3.464052292049591,6.547483601842031,0.5939774990934764,72.0,liu_weighted_median,25,7.273204065912638,cs_095806,3,1.0,local_amplitudes
14.04,14.25663552901643,,0.0011111111111111111,3.464052292049591,2.836325196992326,0.5939774990934764,72.0,quality_mrc,25,7.926710920101218,cs_095806,3,1.0,local_amplitudes
14.04,14.175703970679635,,0.0011111111111111111,3.464052292049591,3.690783181725717,0.5939774990934764,72.0,snr_mrc,25,8.350547351668814,cs_095806,3,1.0,local_amplitudes
14.04,14.06927864060753,,0.06555555555555555,3.46004018009973,8.455641855600243,0.4804385671181478,72.0,best_tone,25,3.8548853766134217,cs_095806,3,1.0,phases
14.04,15.850663827025016,,0.06555555555555555,3.46004018009973,4.1569579722034335,0.4804385671181478,72.0,equal_average,25,12.896466004451693,cs_095806,3,1.0,phases
14.04,14.646160071543129,,0.06555555555555555,3.46004018009973,6.163176460942829,0.4804385671181478,72.0,liu_weighted_median,25,4.39600011306197,cs_095806,3,1.0,phases
14.04,14.551287113803696,,0.06555555555555555,3.46004018009973,4.131592105338284,0.4804385671181478,72.0,quality_mrc,25,7.979988408069674,cs_095806,3,1.0,phases
14.04,15.276403957253322,,0.06555555555555555,3.46004018009973,4.895998217631212,0.4804385671181478,72.0,snr_mrc,25,10.871306334519367,cs_095806,3,1.0,phases
14.04,15.108207365409692,,0.005555555555555556,3.181891667944846,9.512839484710872,0.5832498029237818,72.0,best_tone,25,8.402406360651533,cs_095806,3,1.0,remote_amplitudes
14.04,15.96481087360206,,0.005555555555555556,3.181891667944846,2.6371035467638206,0.5832498029237818,72.0,equal_average,25,14.201661518680746,cs_095806,3,1.0,remote_amplitudes
14.04,15.09661915402159,,0.005555555555555556,3.181891667944846,6.242778123390838,0.5832498029237818,72.0,liu_weighted_median,25,7.525777450296256,cs_095806,3,1.0,remote_amplitudes
14.04,15.719346808028018,,0.005555555555555556,3.181891667944846,2.5827215253354256,0.5832498029237818,72.0,quality_mrc,25,12.386419995207591,cs_095806,3,1.0,remote_amplitudes
14.04,14.786010120030069,,0.005555555555555556,3.181891667944846,4.583273553805428,0.5832498029237818,72.0,snr_mrc,25,9.942352044051402,cs_095806,3,1.0,remote_amplitudes
16.17,15.717560627574631,,0.01666666666666667,1.8604673471589368,7.944991226965937,0.43548741034205474,72.0,best_tone,5,2.7980171454877754,cs_095806,4a,1.0,local_amplitudes
16.17,15.179075331968415,,0.01666666666666667,1.8604673471589368,4.881796109939577,0.43548741034205474,72.0,equal_average,5,6.128167396608453,cs_095806,4a,1.0,local_amplitudes
16.17,16.641561706737114,,0.01666666666666667,1.8604673471589368,6.599830422973758,0.43548741034205474,72.0,liu_weighted_median,5,2.916275242653762,cs_095806,4a,1.0,local_amplitudes
16.17,15.250825947021331,,0.01666666666666667,1.8604673471589368,6.989726550631329,0.43548741034205474,72.0,quality_mrc,5,5.684440649218739,cs_095806,4a,1.0,local_amplitudes
16.17,15.084447153136855,,0.01666666666666667,1.8604673471589368,3.3183173896795255,0.43548741034205474,72.0,snr_mrc,5,6.713375676333622,cs_095806,4a,1.0,local_amplitudes
16.17,16.425476506227216,,0.0,1.638434686078711,9.018492831227162,0.348816789081211,72.0,best_tone,5,6.713473814605763,cs_095806,4a,1.0,phases
16.17,15.231332542490454,,0.0,1.638434686078711,5.607025246101914,0.348816789081211,72.0,equal_average,5,5.804993552934729,cs_095806,4a,1.0,phases
16.17,15.413749849140922,,0.0,1.638434686078711,5.456067600811046,0.348816789081211,72.0,liu_weighted_median,5,4.6768716812559,cs_095806,4a,1.0,phases
16.17,15.302785410338549,,0.0,1.638434686078711,6.75291427384804,0.348816789081211,72.0,quality_mrc,5,5.363108161171621,cs_095806,4a,1.0,phases
16.17,15.11440638938899,,0.0,1.638434686078711,8.581411373400659,0.348816789081211,72.0,snr_mrc,5,6.52809901429197,cs_095806,4a,1.0,phases
16.17,15.90172476283179,,0.01388888888888889,1.821745088763676,8.642122130863019,0.42849871240825366,72.0,best_tone,5,4.886852163578577,cs_095806,4a,1.0,remote_amplitudes
16.17,14.752187860089217,,0.01388888888888889,1.821745088763676,3.3081805805641813,0.42849871240825366,72.0,equal_average,5,8.76816413055526,cs_095806,4a,1.0,remote_amplitudes
16.17,16.727875759328185,,0.01388888888888889,1.821745088763676,4.822524478268804,0.42849871240825366,72.0,liu_weighted_median,5,3.4500665388261367,cs_095806,4a,1.0,remote_amplitudes
16.17,14.956633952349344,,0.01388888888888889,1.821745088763676,5.61369867816006,0.42849871240825366,72.0,quality_mrc,5,7.503809818495091,cs_095806,4a,1.0,remote_amplitudes
16.17,15.142661532828592,,0.01388888888888889,1.821745088763676,8.107804319354937,0.42849871240825366,72.0,snr_mrc,5,6.353360959625298,cs_095806,4a,1.0,remote_amplitudes
8.675,9.474419728690512,,0.015,2.873762239217448,13.57306348332853,0.5933006362351124,72.0,best_tone,25,11.408378838014787,cs_102621,1a,1.0,local_amplitudes
8.675,9.154543227941401,,0.015,2.873762239217448,5.949822005024821,0.5933006362351124,72.0,equal_average,25,7.800103409127331,cs_102621,1a,1.0,local_amplitudes
8.675,9.928699161471133,,0.015,2.873762239217448,8.371618590679214,0.5933006362351124,72.0,liu_weighted_median,25,14.451863532808462,cs_102621,1a,1.0,local_amplitudes
8.675,9.061296417481039,,0.015,2.873762239217448,9.617626515446487,0.5933006362351124,72.0,quality_mrc,25,5.914272027565201,cs_102621,1a,1.0,local_amplitudes
8.675,9.002534934974154,,0.015,2.873762239217448,43.98775057115897,0.5933006362351124,72.0,snr_mrc,25,4.551040133058999,cs_102621,1a,1.0,local_amplitudes
8.675,9.65137736867038,,0.052222222222222225,2.1257850364093174,12.989893267918362,0.47736534237220446,72.0,best_tone,25,11.33534669895463,cs_102621,1a,1.0,phases
8.675,10.402232590945994,,0.052222222222222225,2.1257850364093174,7.319028812338448,0.47736534237220446,72.0,equal_average,25,21.98192323774471,cs_102621,1a,1.0,phases
8.675,10.133692165814688,,0.052222222222222225,2.1257850364093174,5.416656997899093,0.47736534237220446,72.0,liu_weighted_median,25,16.814895283166422,cs_102621,1a,1.0,phases
8.675,9.724691112136211,,0.052222222222222225,2.1257850364093174,8.313469385925272,0.47736534237220446,72.0,quality_mrc,25,17.124378457906474,cs_102621,1a,1.0,phases
8.675,8.932524300016375,,0.052222222222222225,2.1257850364093174,12.583301360285098,0.47736534237220446,72.0,snr_mrc,25,8.735881295234897,cs_102621,1a,1.0,phases
8.675,9.477835267972605,,0.008888888888888889,1.8684630844390542,13.020432872900942,0.4284938732130079,72.0,best_tone,25,9.26775427383814,cs_102621,1a,1.0,remote_amplitudes
8.675,11.03625547622082,,0.008888888888888889,1.8684630844390542,4.3920047129674025,0.4284938732130079,72.0,equal_average,25,27.219083299375434,cs_102621,1a,1.0,remote_amplitudes
8.675,10.482291212357062,,0.008888888888888889,1.8684630844390542,4.390648580771933,0.4284938732130079,72.0,liu_weighted_median,25,20.833328096335002,cs_102621,1a,1.0,remote_amplitudes
8.675,10.765121869150562,,0.008888888888888889,1.8684630844390542,5.378479635237054,0.4284938732130079,72.0,quality_mrc,25,24.093623851879673,cs_102621,1a,1.0,remote_amplitudes
8.675,9.858452698809318,,0.008888888888888889,1.8684630844390542,7.352668438996448,0.4284938732130079,72.0,snr_mrc,25,15.924253174954774,cs_102621,1a,1.0,remote_amplitudes
8.675000000000002,8.585875066152223,,0.04115226337448558,3.512973758652733,28.369442619271144,0.5406199285251588,72.0,best_tone,27,2.9949841075804047,cs_102621,1b,1.0,local_amplitudes
8.675000000000002,10.161557732582935,,0.04115226337448558,3.512973758652733,7.416715747903333,0.5406199285251588,72.0,equal_average,27,17.13611219115774,cs_102621,1b,1.0,local_amplitudes
8.675000000000002,9.628437912898901,,0.04115226337448558,3.512973758652733,11.035833151016558,0.5406199285251588,72.0,liu_weighted_median,27,10.990638765405196,cs_102621,1b,1.0,local_amplitudes
8.675000000000002,10.083661025411558,,0.04115226337448558,3.512973758652733,7.843448229020758,0.5406199285251588,72.0,quality_mrc,27,16.238167439902675,cs_102621,1b,1.0,local_amplitudes
8.675000000000002,8.397561431269388,,0.04115226337448558,3.512973758652733,90.23409956600898,0.5406199285251588,72.0,snr_mrc,27,5.296157152504084,cs_102621,1b,1.0,local_amplitudes
8.675000000000002,8.972575402898377,,0.05144032921810699,2.16491650532705,15.80039587072579,0.49190449741399367,72.0,best_tone,27,6.053594190410701,cs_102621,1b,1.0,phases
8.675000000000002,8.599671027863256,,0.05144032921810699,2.16491650532705,12.165426657550471,0.49190449741399367,72.0,equal_average,27,7.487605270697047,cs_102621,1b,1.0,phases
8.675000000000002,9.8515120909066,,0.05144032921810699,2.16491650532705,5.480375609935368,0.49190449741399367,72.0,liu_weighted_median,27,13.562099030623589,cs_102621,1b,1.0,phases
8.675000000000002,8.619241979482188,,0.05144032921810699,2.16491650532705,15.604557139837814,0.49190449741399367,72.0,quality_mrc,27,7.570218477345424,cs_102621,1b,1.0,phases
8.675000000000002,8.617463974080309,,0.05144032921810699,2.16491650532705,20.735312833403373,0.49190449741399367,72.0,snr_mrc,27,6.019166914087078,cs_102621,1b,1.0,phases
8.675000000000002,8.712047029065936,,0.05555555555555555,2.524749946899845,34.658331206427945,0.4616658921128998,72.0,best_tone,27,2.962100223650911,cs_102621,1b,1.0,remote_amplitudes
8.675000000000002,10.33571226031851,,0.05555555555555555,2.524749946899845,6.5202270582475625,0.4616658921128998,72.0,equal_average,27,19.14365717946408,cs_102621,1b,1.0,remote_amplitudes
8.675000000000002,9.868304367088312,,0.05555555555555555,2.524749946899845,6.748175749948491,0.4616658921128998,72.0,liu_weighted_median,27,13.75566993761741,cs_102621,1b,1.0,remote_amplitudes
8.675000000000002,10.224112415222528,,0.05555555555555555,2.524749946899845,6.138439084739486,0.4616658921128998,72.0,quality_mrc,27,17.857203633689057,cs_102621,1b,1.0,remote_amplitudes
8.675000000000002,9.336195451226367,,0.05555555555555555,2.524749946899845,18.205108266852083,0.4616658921128998,72.0,snr_mrc,27,10.910279617775675,cs_102621,1b,1.0,remote_amplitudes
11.49,11.900560612450711,,0.02314814814814815,1.7371434334626574,6.036911977652082,0.5250009525050712,72.0,best_tone,3,3.573199412103657,cs_102621,2a,1.0,local_amplitudes
11.49,12.884386759455175,,0.02314814814814815,1.7371434334626574,2.9814113082939664,0.5250009525050712,72.0,equal_average,3,12.135654999609883,cs_102621,2a,1.0,local_amplitudes
11.49,12.703584694269352,,0.02314814814814815,1.7371434334626574,4.277453473442328,0.5250009525050712,72.0,liu_weighted_median,3,10.562094815224983,cs_102621,2a,1.0,local_amplitudes
11.49,12.883739813636835,,0.02314814814814815,1.7371434334626574,3.5791282629207153,0.5250009525050712,72.0,quality_mrc,3,12.130024487700894,cs_102621,2a,1.0,local_amplitudes
11.49,12.981403238710428,,0.02314814814814815,1.7371434334626574,3.5886186377934153,0.5250009525050712,72.0,snr_mrc,3,12.980010780769598,cs_102621,2a,1.0,local_amplitudes
11.49,11.819171141143485,,0.0,1.711436638756843,10.71716228265859,0.5023448868205435,72.0,best_tone,3,2.864848922049472,cs_102621,2a,1.0,phases
11.49,14.025367156570193,,0.0,1.711436638756843,5.678433342856149,0.5023448868205435,72.0,equal_average,3,22.06585862985372,cs_102621,2a,1.0,phases
11.49,12.508087848433346,,0.0,1.711436638756843,4.488262759091378,0.5023448868205435,72.0,liu_weighted_median,3,8.860642719176196,cs_102621,2a,1.0,phases
11.49,13.550167729438847,,0.0,1.711436638756843,5.052376303223994,0.5023448868205435,72.0,quality_mrc,3,17.93009338066881,cs_102621,2a,1.0,phases
11.49,12.941873661500459,,0.0,1.711436638756843,4.162549288507235,0.5023448868205435,72.0,snr_mrc,3,12.6359761662355,cs_102621,2a,1.0,phases
11.49,12.853701805576337,,0.0,1.5812554688282452,9.124864825024853,0.44988390135643413,72.0,best_tone,3,13.853563793994665,cs_102621,2a,1.0,remote_amplitudes
11.49,12.038027735278789,,0.0,1.5812554688282452,1.6698969117861076,0.44988390135643413,72.0,equal_average,3,29.695729372731595,cs_102621,2a,1.0,remote_amplitudes
11.49,12.727191931133126,,0.0,1.5812554688282452,4.500936058829123,0.44988390135643413,72.0,liu_weighted_median,3,10.767553795762609,cs_102621,2a,1.0,remote_amplitudes
11.49,12.42033859720029,,0.0,1.5812554688282452,1.5148278332761989,0.44988390135643413,72.0,quality_mrc,3,23.478815683383832,cs_102621,2a,1.0,remote_amplitudes
11.49,11.516514254927145,,0.0,1.5812554688282452,4.141735108600366,0.44988390135643413,72.0,snr_mrc,3,1.4277819832317684,cs_102621,2a,1.0,remote_amplitudes
14.040000000000001,13.767595589157597,,0.024572649572649572,2.651609716942475,8.399561170871447,0.49847684047337687,72.0,best_tone,26,4.759457028070334,cs_102621,3,1.0,local_amplitudes
14.040000000000001,13.690116506766504,,0.024572649572649572,2.651609716942475,4.493130964068856,0.49847684047337687,72.0,equal_average,26,5.743664466949988,cs_102621,3,1.0,local_amplitudes
14.040000000000001,14.63865636355222,,0.024572649572649572,2.651609716942475,5.226713479502037,0.49847684047337687,72.0,liu_weighted_median,26,4.263934213334917,cs_102621,3,1.0,local_amplitudes
14.040000000000001,13.67321238978989,,0.024572649572649572,2.651609716942475,5.592433170944696,0.49847684047337687,72.0,quality_mrc,26,4.6985427210339665,cs_102621,3,1.0,local_amplitudes
14.040000000000001,13.561394823296544,,0.024572649572649572,2.651609716942475,6.733459732354646,0.49847684047337687,72.0,snr_mrc,26,4.983170670294388,cs_102621,3,1.0,local_amplitudes
14.040000000000001,13.735413263669383,,0.014423076923076924,1.8492622005953523,7.827519490183298,0.42702503457983226,72.0,best_tone,26,7.768594237722325,cs_102621,3,1.0,phases
14.040000000000001,13.471898078539141,,0.014423076923076924,1.8492622005953523,3.5145047158636404,0.42702503457983226,72.0,equal_average,26,8.92112838568357,cs_102621,3,1.0,phases
14.040000000000001,14.204013813258484,,0.014423076923076924,1.8492622005953523,4.391885426423199,0.42702503457983226,72.0,liu_weighted_median,26,3.6140169515748934,cs_102621,3,1.0,phases
14.040000000000001,13.505276483686883,,0.014423076923076924,1.8492622005953523,4.9755750803346075,0.42702503457983226,72.0,quality_mrc,26,7.543099756519627,cs_102621,3,1.0,phases
14.040000000000001,13.433638772402443,,0.014423076923076924,1.8492622005953523,4.844388990758211,0.42702503457983226,72.0,snr_mrc,26,7.663366925031951,cs_102621,3,1.0,phases
14.040000000000001,14.252881105200352,,0.017094017094017092,2.206515130332918,9.166176185544888,0.47578641027514823,72.0,best_tone,26,4.595869372579872,cs_102621,3,1.0,remote_amplitudes
14.040000000000001,14.75584644734452,,0.017094017094017092,2.206515130332918,3.3234582236946077,0.47578641027514823,72.0,equal_average,26,11.308630021594414,cs_102621,3,1.0,remote_amplitudes
14.040000000000001,14.631925526046984,,0.017094017094017092,2.206515130332918,4.6054374170164545,0.47578641027514823,72.0,liu_weighted_median,26,4.215993775263421,cs_102621,3,1.0,remote_amplitudes
14.040000000000001,14.120006954629957,,0.017094017094017092,2.206515130332918,3.705476993057267,0.47578641027514823,72.0,quality_mrc,26,8.371678927849606,cs_102621,3,1.0,remote_amplitudes
14.040000000000001,13.908580337918513,,0.017094017094017092,2.206515130332918,4.366560411087206,0.47578641027514823,72.0,snr_mrc,26,5.9765351098522785,cs_102621,3,1.0,remote_amplitudes
16.17,17.38653202692567,,0.0,1.3756345918707265,7.978757662729305,0.38205353216427257,72.0,best_tone,6,7.523389158476612,cs_102621,4a,1.0,local_amplitudes
16.17,16.053152870449004,,0.0,1.3756345918707265,5.351688954602058,0.38205353216427257,72.0,equal_average,6,5.741792019288937,cs_102621,4a,1.0,local_amplitudes
16.17,16.404025380339085,,0.0,1.3756345918707265,3.423083601406324,0.38205353216427257,72.0,liu_weighted_median,6,1.4472812636925472,cs_102621,4a,1.0,local_amplitudes
16.17,16.187605352955234,,0.0,1.3756345918707265,5.035902526712579,0.38205353216427257,72.0,quality_mrc,6,3.492036100018961,cs_102621,4a,1.0,local_amplitudes
16.17,16.31315462426387,,0.0,1.3756345918707265,4.928281077685626,0.38205353216427257,72.0,snr_mrc,6,2.4575760727884584,cs_102621,4a,1.0,local_amplitudes
16.17,10.81209268350031,,0.0,1.3134271001549374,10.468753857679813,0.4260231952683104,72.0,best_tone,6,33.13486281075876,cs_102621,4a,1.0,phases
16.17,6.63583429215791,,0.0,1.3134271001549374,3.4591950746704847,0.4260231952683104,72.0,equal_average,6,58.962063746704324,cs_102621,4a,1.0,phases
16.17,12.470315429269471,,0.0,1.3134271001549374,2.6981489940911665,0.4260231952683104,72.0,liu_weighted_median,6,22.879929318061404,cs_102621,4a,1.0,phases
16.17,6.542088802094059,,0.0,1.3134271001549374,3.4053991131707186,0.4260231952683104,72.0,quality_mrc,6,59.54181322143438,cs_102621,4a,1.0,phases
16.17,7.924987711281538,,0.0,1.3134271001549374,2.9367163239044634,0.4260231952683104,72.0,snr_mrc,6,50.989562700794444,cs_102621,4a,1.0,phases
16.17,15.374581038396784,,0.0,1.32785108986873,6.922891857061188,0.37869287135155055,72.0,best_tone,6,8.599265312148004,cs_102621,4a,1.0,remote_amplitudes
16.17,13.313010798926257,,0.0,1.32785108986873,3.162302740835733,0.37869287135155055,72.0,equal_average,6,17.668455170524073,cs_102621,4a,1.0,remote_amplitudes
16.17,15.424154397959938,,0.0,1.32785108986873,3.154686480728799,0.37869287135155055,72.0,liu_weighted_median,6,4.612526914286116,cs_102621,4a,1.0,remote_amplitudes
16.17,13.739979690685113,,0.0,1.32785108986873,3.704289114795015,0.37869287135155055,72.0,quality_mrc,6,15.027954912275126,cs_102621,4a,1.0,remote_amplitudes
16.17,13.778882063265863,,0.0,1.32785108986873,3.9879763093110934,0.37869287135155055,72.0,snr_mrc,6,14.787371284688538,cs_102621,4a,1.0,remote_amplitudes
