bpm_gt,bpm_pred,failure_reason,mean_outlier_frac,mean_pr,mean_snr,mean_stability,median_n_valid_tones,n_windows,rel_err_pct,scenario,segment,valid_window_rate,variable
8.675,9.782820388708693,,0.0,1.3055761456771378,6.340757680374472,0.36841115605358804,72.0,15,16.09368927499677,cs_091339,1a,1.0,local_amplitudes
8.675,8.62600563983648,,0.05648148148148148,1.5139245217069859,7.170561888772998,0.4108550333860527,72.0,15,21.876287484927943,cs_091339,1a,1.0,phases
8.675,11.954335033923837,,0.0027777777777777775,1.872531897483562,5.316826947429845,0.44135933359059965,72.0,15,37.802132955894336,cs_091339,1a,1.0,remote_amplitudes
8.674999999999999,8.569964157566494,,0.12301587301587302,1.767550584181442,3.95112793129908,0.4317495372543127,72.0,14,13.418787604459604,cs_091339,1b,1.0,local_amplitudes
8.674999999999999,10.921815697942021,,0.002976190476190476,1.3847147877030481,2.43382747304084,0.3924381912646776,72.0,14,28.50520632255341,cs_091339,1b,1.0,phases
8.674999999999999,9.201409901581126,,0.005952380952380953,1.482266651791656,6.127769350350583,0.44460116270682043,72.0,14,6.636564952912948,cs_091339,1b,1.0,remote_amplitudes
11.49,nan,segment_too_short_or_no_tones,nan,nan,nan,nan,nan,1,nan,cs_091339,2a,0.0,local_amplitudes
11.49,nan,segment_too_short_or_no_tones,nan,nan,nan,nan,nan,1,nan,cs_091339,2a,0.0,phases
11.49,nan,segment_too_short_or_no_tones,nan,nan,nan,nan,nan,1,nan,cs_091339,2a,0.0,remote_amplitudes
11.49,nan,segment_too_short_or_no_tones,nan,nan,nan,nan,nan,1,nan,cs_091339,2b,0.0,local_amplitudes
11.49,nan,segment_too_short_or_no_tones,nan,nan,nan,nan,nan,1,nan,cs_091339,2b,0.0,phases
11.49,nan,segment_too_short_or_no_tones,nan,nan,nan,nan,nan,1,nan,cs_091339,2b,0.0,remote_amplitudes
14.039999999999996,14.577665527510309,,0.0,1.29288776520562,4.208115456488768,0.39428962828244274,72.0,13,24.32502573722311,cs_091339,3,1.0,local_amplitudes
14.039999999999996,9.769129007953254,,0.02884615384615384,1.561753623195116,2.9233383722997752,0.4151687131941881,72.0,13,30.419309060162,cs_091339,3,1.0,phases
14.039999999999996,14.022405978523352,,0.022435897435897436,2.1733493354288385,7.149278038995741,0.45414064900021484,72.0,13,4.257820154263463,cs_091339,3,1.0,remote_amplitudes
16.17,nan,segment_too_short_or_no_tones,nan,nan,nan,nan,nan,1,nan,cs_091339,4a,0.0,local_amplitudes
16.17,nan,segment_too_short_or_no_tones,nan,nan,nan,nan,nan,1,nan,cs_091339,4a,0.0,phases
16.17,nan,segment_too_short_or_no_tones,nan,nan,nan,nan,nan,1,nan,cs_091339,4a,0.0,remote_amplitudes
16.17,nan,segment_too_short_or_no_tones,nan,nan,nan,nan,nan,1,nan,cs_091339,4b,0.0,local_amplitudes
16.17,nan,segment_too_short_or_no_tones,nan,nan,nan,nan,nan,1,nan,cs_091339,4b,0.0,phases
16.17,nan,segment_too_short_or_no_tones,nan,nan,nan,nan,nan,1,nan,cs_091339,4b,0.0,remote_amplitudes
8.675000000000002,10.677040230883037,,0.06893004115226338,4.8972957196894065,8.946142104343599,0.4823082987088529,72.0,27,23.07827355484765,cs_095806,1a,1.0,local_amplitudes
8.675000000000002,8.999615501496598,,0.0751028806584362,3.70967268818055,13.488058208231463,0.49750927892682845,72.0,27,7.588067340146169,cs_095806,1a,1.0,phases
8.675000000000002,10.65068437313664,,0.07098765432098765,4.07219091307676,9.065598371666754,0.5092825277749704,72.0,27,22.774459632699013,cs_095806,1a,1.0,remote_amplitudes
8.675000000000002,8.382005070970909,,0.06498015873015874,4.457377646747005,12.665558903511556,0.5030004567288523,72.0,28,8.445499722280983,cs_095806,1b,1.0,local_amplitudes
8.675000000000002,8.167224505322888,,0.056547619047619034,3.3648174941632227,22.556230039169016,0.5007701323052014,72.0,28,7.543945635904791,cs_095806,1b,1.0,phases
8.675000000000002,8.912019670486368,,0.06597222222222222,3.9192282001697265,10.501169521120955,0.5035957356601056,72.0,28,11.745488949938652,cs_095806,1b,1.0,remote_amplitudes
11.49,13.478973301604507,,0.004629629629629629,3.123521676365914,9.091160112332847,0.6177137573417997,72.0,3,17.31047259882078,cs_095806,2a,1.0,local_amplitudes
11.49,12.546682079255987,,0.08333333333333333,2.276240067555274,12.427889717312155,0.48228155658910166,72.0,3,9.196536808146115,cs_095806,2a,1.0,phases
11.49,13.750066373388051,,0.009259259259259259,2.766835924018204,8.374491313928365,0.5893235014480052,72.0,3,19.669855294935168,cs_095806,2a,1.0,remote_amplitudes
11.49,nan,segment_too_short_or_no_tones,nan,nan,nan,nan,nan,1,nan,cs_095806,2b,0.0,local_amplitudes
11.49,nan,segment_too_short_or_no_tones,nan,nan,nan,nan,nan,1,nan,cs_095806,2b,0.0,phases
11.49,nan,segment_too_short_or_no_tones,nan,nan,nan,nan,nan,1,nan,cs_095806,2b,0.0,remote_amplitudes
14.04,14.25663552901643,,0.0011111111111111111,3.464052292049591,2.836325196992326,0.5939774990934764,72.0,25,7.926710920101218,cs_095806,3,1.0,local_amplitudes
14.04,14.551287113803696,,0.06555555555555555,3.46004018009973,4.131592105338284,0.4804385671181478,72.0,25,7.979988408069674,cs_095806,3,1.0,phases
14.04,15.719346808028018,,0.005555555555555556,3.181891667944846,2.5827215253354256,0.5832498029237818,72.0,25,12.386419995207591,cs_095806,3,1.0,remote_amplitudes
16.17,15.250825947021331,,0.01666666666666667,1.8604673471589368,6.989726550631329,0.43548741034205474,72.0,5,5.684440649218739,cs_095806,4a,1.0,local_amplitudes
16.17,15.302785410338549,,0.0,1.638434686078711,6.75291427384804,0.348816789081211,72.0,5,5.363108161171621,cs_095806,4a,1.0,phases
16.17,14.956633952349344,,0.01388888888888889,1.821745088763676,5.61369867816006,0.42849871240825366,72.0,5,7.503809818495091,cs_095806,4a,1.0,remote_amplitudes
16.17,nan,segment_too_short_or_no_tones,nan,nan,nan,nan,nan,1,nan,cs_095806,4b,0.0,local_amplitudes
16.17,nan,segment_too_short_or_no_tones,nan,nan,nan,nan,nan,1,nan,cs_095806,4b,0.0,phases
16.17,nan,segment_too_short_or_no_tones,nan,nan,nan,nan,nan,1,nan,cs_095806,4b,0.0,remote_amplitudes
8.675,9.061296417481039,,0.015,2.873762239217448,9.617626515446487,0.5933006362351124,72.0,25,5.914272027565201,cs_102621,1a,1.0,local_amplitudes
8.675,9.724691112136211,,0.052222222222222225,2.1257850364093174,8.313469385925272,0.47736534237220446,72.0,25,17.124378457906474,cs_102621,1a,1.0,phases
8.675,10.765121869150562,,0.008888888888888889,1.8684630844390542,5.378479635237054,0.4284938732130079,72.0,25,24.093623851879673,cs_102621,1a,1.0,remote_amplitudes
8.675000000000002,10.083661025411558,,0.04115226337448558,3.512973758652733,7.843448229020758,0.5406199285251588,72.0,27,16.238167439902675,cs_102621,1b,1.0,local_amplitudes
8.675000000000002,8.619241979482188,,0.05144032921810699,2.16491650532705,15.604557139837814,0.49190449741399367,72.0,27,7.570218477345424,cs_102621,1b,1.0,phases
8.675000000000002,10.224112415222528,,0.05555555555555555,2.524749946899845,6.138439084739486,0.4616658921128998,72.0,27,17.857203633689057,cs_102621,1b,1.0,remote_amplitudes
11.49,12.883739813636835,,0.02314814814814815,1.7371434334626574,3.5791282629207153,0.5250009525050712,72.0,3,12.130024487700894,cs_102621,2a,1.0,local_amplitudes
11.49,13.550167729438847,,0.0,1.711436638756843,5.052376303223994,0.5023448868205435,72.0,3,17.93009338066881,cs_102621,2a,1.0,phases
11.49,12.42033859720029,,0.0,1.5812554688282452,1.5148278332761989,0.44988390135643413,72.0,3,23.478815683383832,cs_102621,2a,1.0,remote_amplitudes
11.49,nan,segment_too_short_or_no_tones,nan,nan,nan,nan,nan,1,nan,cs_102621,2b,0.0,local_amplitudes
11.49,nan,segment_too_short_or_no_tones,nan,nan,nan,nan,nan,1,nan,cs_102621,2b,0.0,phases
11.49,nan,segment_too_short_or_no_tones,nan,nan,nan,nan,nan,1,nan,cs_102621,2b,0.0,remote_amplitudes
14.040000000000001,13.67321238978989,,0.024572649572649572,2.651609716942475,5.592433170944696,0.49847684047337687,72.0,26,4.6985427210339665,cs_102621,3,1.0,local_amplitudes
14.040000000000001,13.505276483686883,,0.014423076923076924,1.8492622005953523,4.9755750803346075,0.42702503457983226,72.0,26,7.543099756519627,cs_102621,3,1.0,phases
14.040000000000001,14.120006954629957,,0.017094017094017092,2.206515130332918,3.705476993057267,0.47578641027514823,72.0,26,8.371678927849606,cs_102621,3,1.0,remote_amplitudes
16.17,16.187605352955234,,0.0,1.3756345918707265,5.035902526712579,0.38205353216427257,72.0,6,3.492036100018961,cs_102621,4a,1.0,local_amplitudes
16.17,6.542088802094059,,0.0,1.3134271001549374,3.4053991131707186,0.4260231952683104,72.0,6,59.54181322143438,cs_102621,4a,1.0,phases
16.17,13.739979690685113,,0.0,1.32785108986873,3.704289114795015,0.37869287135155055,72.0,6,15.027954912275126,cs_102621,4a,1.0,remote_amplitudes
16.17,nan,segment_too_short_or_no_tones,nan,nan,nan,nan,nan,1,nan,cs_102621,4b,0.0,local_amplitudes
16.17,nan,segment_too_short_or_no_tones,nan,nan,nan,nan,nan,1,nan,cs_102621,4b,0.0,phases
16.17,nan,segment_too_short_or_no_tones,nan,nan,nan,nan,nan,1,nan,cs_102621,4b,0.0,remote_amplitudes
